user.dguest.301488.hbbTraining.e3820_s3126_r9364_p3652.cssksd.v2_output.h5,H
user.dguest.301489.hbbTraining.e3820_s3126_r9364_p3652.cssksd.v2_output.h5,H
user.dguest.301490.hbbTraining.e3820_s3126_r9364_p3652.cssksd.v2_output.h5,H
user.dguest.301491.hbbTraining.e3820_s3126_r9364_p3652.cssksd.v2_output.h5,H
user.dguest.301492.hbbTraining.e3820_s3126_r9364_p3652.cssksd.v2_output.h5,H
user.dguest.301493.hbbTraining.e3820_s3126_r9364_p3652.cssksd.v2_output.h5,H
user.dguest.301494.hbbTraining.e3820_s3126_r9364_p3652.cssksd.v2_output.h5,H
user.dguest.301495.hbbTraining.e3820_s3126_r9364_p3652.cssksd.v2_output.h5,H
user.dguest.301496.hbbTraining.e3820_s3126_r9364_p3652.cssksd.v2_output.h5,H
user.dguest.301497.hbbTraining.e3820_s3126_r9364_p3652.cssksd.v2_output.h5,H
user.dguest.301498.hbbTraining.e3820_s3126_r9364_p3652.cssksd.v2_output.h5,H
user.dguest.301499.hbbTraining.e3820_s3126_r9364_p3652.cssksd.v2_output.h5,H
user.dguest.301500.hbbTraining.e3820_s3126_r9364_p3652.cssksd.v2_output.h5,H
user.dguest.301501.hbbTraining.e3820_s3126_r9364_p3652.cssksd.v2_output.h5,H
user.dguest.301502.hbbTraining.e3820_s3126_r9364_p3652.cssksd.v2_output.h5,H
user.dguest.301503.hbbTraining.e3820_s3126_r9364_p3652.cssksd.v2_output.h5,H
user.dguest.301504.hbbTraining.e3820_s3126_r9364_p3652.cssksd.v2_output.h5,H
user.dguest.301505.hbbTraining.e3820_s3126_r9364_p3652.cssksd.v2_output.h5,H
user.dguest.301506.hbbTraining.e3820_s3126_r9364_p3652.cssksd.v2_output.h5,H
user.dguest.301507.hbbTraining.e3820_s3126_r9364_p3652.cssksd.v2_output.h5,H
user.dguest.361020.hbbTraining.e3569_s3126_r9364_p3652.cssksd.v2_output.h5,N
user.dguest.361021.hbbTraining.e3569_s3126_r9364_p3652.cssksd.v2_output.h5,N
user.dguest.361022.hbbTraining.e3668_s3126_r9364_p3652.cssksd.v2_output.h5,N
user.dguest.361023.hbbTraining.e3668_s3126_r9364_p3652.cssksd.v2_output.h5,N
user.dguest.361024.hbbTraining.e3668_s3126_r9364_p3652.cssksd.v2_output.h5,N
user.dguest.361025.hbbTraining.e3668_s3126_r9364_p3652.cssksd.v2_output.h5,N
user.dguest.361026.hbbTraining.e3569_s3126_r9364_p3652.cssksd.v2_output.h5,N
user.dguest.361027.hbbTraining.e3668_s3126_r9364_p3652.cssksd.v2_output.h5,N
user.dguest.361028.hbbTraining.e3569_s3126_r9364_p3652.cssksd.v2_output.h5,N
user.dguest.361029.hbbTraining.e3569_s3126_r9364_p3652.cssksd.v2_output.h5,N
user.dguest.361030.hbbTraining.e3569_s3126_r9364_p3652.cssksd.v2_output.h5,N
user.dguest.361031.hbbTraining.e3569_s3126_r9364_p3652.cssksd.v2_output.h5,N
user.dguest.361032.hbbTraining.e3668_s3126_r9364_p3652.cssksd.v2_output.h5,N